1,"Ana Martinez",Estudiante
2,"Carlos Rodriguez",Estudiante
3,"Sofia Garcia",Estudiante
4,"Diego Lopez",Estudiante
5,"Valentina Torres",Estudiante
6,"Sebastian Ramirez",Estudiante
7,"Camila Flores",Estudiante
8,"Andres Herrera",Estudiante
9,"Isabella Morales",Estudiante
10,"Lucas Jimenez",Estudiante
11,"Emma Vargas",Estudiante
12,"Mateo Castro",Estudiante
13,"Victoria Rios",Estudiante
14,"Nicolas Silva",Estudiante
15,"Lucia Mendoza",Estudiante
16,"Daniel Ortiz",Estudiante
17,"Paula Guerrero",Estudiante
18,"Gabriel Sanchez",Estudiante
19,"Mariana Perez",Estudiante
20,"Samuel Romero",Estudiante
21,"Carmen Molina",Staff
22,"Jorge Navarro",Staff
23,"Patricia Delgado",Staff
24,"Roberto Medina",Staff
25,"Elena Fuentes",Staff
26,"Fernando Cruz",Staff
27,"Laura Vega",Staff
28,"Miguel Angel Rojas",Staff
29,"Beatriz Soto",Staff
30,"Ricardo Aguirre",Staff
